Steve Foster,One Bernard Baruch Way,"New York, NY 10010-5585 "
Aaron Ng,2900 Bedford Avenue,"Brooklyn, NY 11210 "
Jesse Olson,2800 Victory Boulevard,"Staten Island, NY 10314 "
John Lee,500 Grand Concourse,"Bronx, NY 10451 "
Trung Tran,524 West 59th Street,"New York, NY 10019 "
Bob Sagat,31-10 Thomson Avenue,"Long Island City, NY 11101 "
Jon Tron,300 Jay Street,"Brooklyn, NY 11201 "
Jake Paul,1650 Bedford Avenue,"Brooklyn, NY 11225 "
Ron Paul,222-05 56th Avenue,"Bayside, NY 11364 "
Eric Schweitzer,160 Convent Avenue @ 138th Street,"New York, NY 10031 "
